_step,train/loss,train/lr,train/grad_norm,train/tokens_seen,train/peak_memory_gb
0,657.8073348999023,1.4999999999999999e-05,191.23271713256835,2621440,65.46269464492798
1,362.29354629516604,2.9999999999999997e-05,320.81359710693357,5242880,65.46269464492798
2,119.47213726043701,4.4999999999999996e-05,89.64999198913574,7864320,65.46269464492798
3,71.09594068527221,5.9999999999999995e-05,39.61889724731445,10485760,65.46269464492798
4,56.80873594284058,7.5e-05,32.340077590942386,13107200,65.46269464492798
5,49.48050155639648,8.999999999999999e-05,22.346502685546874,15728640,65.46269464492798
6,44.643039512634275,0.00010499999999999999,26.765408325195313,18350080,65.46269464492798
7,41.5930474281311,0.00011999999999999999,35.49701747894287,20971520,65.46269464492798
8,39.49792327880859,0.00013499999999999997,35.822105884552,23592960,65.46269464492798
9,38.41567115783691,0.00015,46.00104150772095,26214400,65.46269464492798
10,37.54844770431519,0.00016499999999999997,52.62644815444946,28835840,65.46269464492798
11,35.130973148345944,0.00017999999999999998,29.625984859466552,31457280,65.46269464492798
12,34.171922874450686,0.000195,37.16454448699951,34078720,65.46269464492798
13,33.137613725662234,0.00020999999999999998,40.80572748184204,36700160,65.46269464492798
14,31.285385131835938,0.000225,24.64098491668701,39321600,65.46269464492798
15,30.414125633239745,0.00023999999999999998,41.82635154724121,41943040,65.46269464492798
16,30.30035195350647,0.00025499999999999996,43.942770671844485,44564480,65.46269464492798
17,28.536270809173583,0.00026999999999999995,39.38487911224365,47185920,65.46269464492798
18,28.014607429504395,0.000285,40.72326717376709,49807360,65.46269464492798
19,26.340124464035036,0.0003,34.431144618988036,52428800,65.46269464492798
20,24.05846447944641,0.00029998148125440595,27.117935180664062,55050240,65.46269464492798
21,22.786578512191774,0.00029991747236029917,24.496235179901124,57671680,65.46269464492798
22,22.748515939712526,0.0002998077663661026,41.50710620880127,60293120,65.46269464492798
23,22.033339405059813,0.0002996524004296855,33.48607330322265,62914560,65.46269464492798
24,20.586401653289794,0.0002994514271741263,33.57073450088501,65536000,65.46269464492798
25,19.487714195251463,0.0002992049146698894,28.485171031951904,68157440,65.46269464492798
26,17.57021028995514,0.00029891294641176875,17.292248249053955,70778880,65.46269464492798
27,16.385525226593018,0.00029857562129060846,17.407705307006836,73400320,65.46269464492798
28,15.877817797660828,0.0002981930535598077,25.18474178314209,76021760,65.46269464492798
29,15.367410111427308,0.00029776537279662275,28.019031143188478,78643200,65.46269464492798
30,14.27649540901184,0.00029729272385827844,16.617365169525147,81264640,65.46269464492798
31,13.396170663833619,0.0002967752668329048,17.03490777015686,83886080,65.46269464492798
32,12.461531567573548,0.000296213176985314,16.871104431152343,86507520,65.46269464492798
33,12.489145421981812,0.0002956066446976383,26.694085597991943,89128960,65.46269464492798
34,11.680978798866272,0.0002949558754048457,15.861149787902832,91750400,65.46269464492798
35,11.074064874649048,0.0002942610895251594,16.508688735961915,94371840,65.46269464492798
36,10.609133386611939,0.00029352252238540045,14.712567806243896,96993280,65.46269464492798
37,10.333542156219483,0.000292740424141282,21.68075885772705,99614720,65.46269464492798
38,9.6915048122406,0.00029191505969268023,12.957964324951172,102236160,65.46269464492798
39,9.18493902683258,0.00029104670859391216,13.17840371131897,104857600,65.46269464492798
40,9.042938590049744,0.00029013566495904894,15.363909053802491,107479040,65.46269464492798
41,8.662886834144592,0.0002891822373622985,13.40666847229004,110100480,65.46269464492798
42,8.162773728370667,0.0002881867487334901,11.43977131843567,112721920,65.46269464492798
43,7.945215439796447,0.00028714953624869676,8.857815933227538,115343360,65.46269464492798
44,7.914219391345978,0.00028607095121603224,11.982793760299682,117964800,65.46269464492798
45,7.846339082717895,0.00028495135895666173,13.94986824989319,120586240,65.46269464492798
46,7.672748148441315,0.0002837911386810657,12.011203336715699,123207680,65.46269464492798
47,7.458806252479553,0.0002825906833606002,11.126012754440307,125829120,65.46269464492798
48,7.771011507511139,0.00028135039959439564,15.186507558822631,128450560,65.46269464492798
49,7.116919529438019,0.00028007070747163986,9.755561113357544,131072000,65.46269464492798
50,6.927029073238373,0.00027875204042929257,7.788611698150635,133693440,65.46269464492798
51,6.88362010717392,0.0002773948451052781,9.05141739845276,136314880,65.46269464492798
52,6.729258167743683,0.00027599958118720754,8.30359697341919,138936320,65.46269464492798
53,6.592521166801452,0.0002745667212566807,8.138830518722534,141557760,65.46269464492798
54,6.657354605197907,0.00027309675062922036,10.313710737228394,144179200,65.46269464492798
55,6.677204954624176,0.0002715901671898946,10.847239542007447,146800640,65.46269464492798
56,6.554237687587738,0.0002700474812246807,10.181689834594726,149422080,65.46269464492798
57,6.514556503295898,0.0002684692152476289,9.899528551101685,152043520,65.46269464492798
58,6.458218908309936,0.00026685590382388534,9.085445022583007,154664960,65.46269464492798
59,6.429619693756104,0.00026520809338863245,8.665595960617065,157286400,65.46269464492798
60,6.380971467494964,0.0002635263420620088,11.603674793243409,159907840,65.46269464492798
61,6.373475134372711,0.000261811219460072,10.72292618751526,162529280,65.46269464492798
62,6.184156501293183,0.0002600633065018671,7.620839405059814,165150720,65.46269464492798
63,6.204567968845367,0.0002582831952126671,10.906696462631226,167772160,65.46269464492798
64,6.161732792854309,0.0002564714885234514,7.465208673477173,170393600,65.46269464492798
65,6.236229121685028,0.00025462880006669065,8.991239881515503,173015040,65.46269464492798
66,6.167244482040405,0.00025275575396850716,8.138661098480224,175636480,65.46269464492798
67,6.124148821830749,0.00025085298463728065,7.231001520156861,178257920,65.46269464492798
68,6.023013687133789,0.0002489211365487712,6.507302284240723,180879360,65.46269464492798
69,6.02114851474762,0.00024696086402783334,7.182208919525147,183500800,65.46269464492798
70,6.047686088085174,0.000244972831026793,9.999976873397827,186122240,65.46269464492798
71,5.99447067975998,0.00024295771090056452,7.632192468643188,188743680,65.46269464492798
72,5.961091029644012,0.00024091618617858224,9.290387439727784,191365120,65.46269464492798
73,5.899960386753082,0.00023884894833362528,8.524409866333007,193986560,65.46269464492798
74,5.891313755512238,0.0002367566975476126,7.486091184616089,196608000,65.46269464492798
75,5.937131631374359,0.0002346401424744488,9.694561338424682,199229440,65.46269464492798
76,5.92293496131897,0.00023249999999999996,6.574979639053344,201850880,65.46269464492798
77,5.865730035305023,0.00023033699499928157,6.306878662109375,204472320,65.46269464492798
78,5.848489987850189,0.00022815186009094023,6.475634169578552,207093760,65.46269464492798
79,5.870287537574768,0.00022594533538911293,5.890567708015442,209715200,65.46269464492798
80,5.820663785934448,0.0002237181682527473,6.519286012649536,212336640,65.46269464492798
81,5.7914517521858215,0.00022147111303246785,6.577085947990417,214958080,65.46269464492798
82,5.901033997535706,0.00021920493081507465,13.00172290802002,217579520,65.46269464492798
83,5.742254519462586,0.00021692038916575995,5.774800586700439,220200960,65.46269464492798
84,5.706647741794586,0.0002146182618681308,6.246839189529419,222822400,65.46269464492798
85,5.651414942741394,0.00021229932866212515,6.099482297897339,225443840,65.46269464492798
86,5.727329158782959,0.000209964374979911,6.5620404243469235,228065280,65.46269464492798
87,5.739186787605286,0.0002076141916798573,5.4510682106018065,230686720,65.46269464492798
88,5.697466921806336,0.00020524957477866676,6.9250244140625,233308160,65.46269464492798
89,5.670750164985657,0.00020287132518176186,5.182345890998841,235929600,65.46269464492798
90,5.766725850105286,0.000200480248412015,5.932422113418579,238551040,65.46269464492798
91,5.659961640834808,0.0001980771543369145,6.2032798528671265,241172480,65.46269464492798
92,5.63799546957016,0.00019566285689425917,5.346491980552673,243793920,65.46269464492798
93,5.612964940071106,0.0001932381738164743,5.4457799911499025,246415360,65.46269464492798
94,5.562950146198273,0.00019080392635364225,6.428855276107788,249036800,65.46269464492798
95,5.526627087593079,0.0001883609389953418,5.577712917327881,251658240,65.46269464492798
96,5.502939260005951,0.00018591003919139003,4.842525863647461,254279680,65.46269464492798
97,5.627410888671875,0.00018345205707158177,6.084943246841431,256901120,65.46269464492798
98,5.596148872375489,0.0001809878251645213,5.561403822898865,259522560,65.46269464492798
99,5.577364683151245,0.0001785181781156413,5.406485557556152,262144000,65.46269464492798
100,5.570370590686798,0.0001760439524045052,5.806478381156921,264765440,65.46269464492798
101,5.576874506473541,0.00017356598606148811,4.833996510505676,267386880,65.46269464492798
102,5.509095764160156,0.00017108511838393242,5.153032660484314,270008320,65.46269464492798
103,5.506586337089539,0.0001686021896518744,6.023472785949707,272629760,65.46269464492798
104,5.513035607337952,0.00016611804084343796,5.89256181716919,275251200,65.46269464492798
105,5.438136398792267,0.00016363351334999183,4.827109861373901,277872640,65.46269464492798
106,5.444536089897156,0.00016114944869116696,5.211385107040405,280494080,65.46269464492798
107,5.490522515773773,0.00015866668822983024,5.84350221157074,283115520,65.46269464492798
108,5.544398081302643,0.00015618607288711155,6.740707302093506,285736960,65.46269464492798
109,5.492958879470825,0.00015370844285758035,5.936478853225708,288358400,65.46269464492798
110,5.483895480632782,0.0001512346373246683,4.692184257507324,290979840,65.46269464492798
111,5.451433157920837,0.00014876549417643448,4.308481478691101,293601280,65.46269464492798
112,5.428125512599945,0.000146301849721769,4.5501683235168455,296222720,65.46269464492798
113,5.418026459217072,0.00014384453840713202,4.597580528259277,298844160,65.46269464492798
114,5.364078044891357,0.00014139439253392345,4.406007099151611,301465600,65.46269464492798
115,5.348984801769257,0.00013895224197657858,4.0960688829422,304087040,65.46269464492798
116,5.340500521659851,0.00013651891390148666,4.45448067188263,306708480,65.46269464492798
117,5.330132162570953,0.0001340952324868261,5.327109026908874,309329920,65.46269464492798
118,5.43279048204422,0.00013168201864341176,5.4343791723251345,311951360,65.46269464492798
119,5.411600399017334,0.00012928008973664957,3.7415895462036133,314572800,65.46269464492798
120,5.408651375770569,0.00012689025930969093,3.9315418243408202,317194240,65.46269464492798
121,5.405025207996369,0.00012451333680788278,3.986819863319397,319815680,65.46269464492798
122,5.3840033411979675,0.00012215012730460502,3.416488265991211,322437120,65.46269464492798
123,5.33018981218338,0.00011980143122858859,2.825054097175598,325058560,65.46269464492798
124,5.321054840087891,0.00011746804409280755,3.7143889904022216,327680000,65.46269464492798
125,5.290495491027832,0.00011515075622503502,3.693727207183838,330301440,65.46269464492798
126,5.276834499835968,0.00011285035250015612,4.054222345352173,332922880,65.46269464492798
127,5.283142983913422,0.00011056761207432787,3.171718084812164,335544320,65.46269464492798
128,5.260138833522797,0.00010830330812107538,2.7494831800460817,338165760,65.46269464492798
129,5.3356153726577755,0.00010605820756941515,2.8699607133865355,340787200,65.46269464492798
130,5.335410165786743,0.00010383307084409308,2.761234426498413,343408640,65.46269464492798
131,5.324276256561279,0.00010162865160802512,3.1750622034072875,346030080,65.46269464492798
132,5.3731953501701355,9.944569650702905e-05,3.3968937158584596,348651520,65.46269464492798
133,5.30196168422699,9.728494491693209e-05,3.5895233154296875,351272960,65.46269464492798
134,5.246221303939819,9.514712869314154e-05,3.160422205924988,353894400,65.46269464492798
135,5.237618517875672,9.303297192276228e-05,3.0289994955062864,356515840,65.46269464492798
136,5.220367324352265,9.094319067934533e-05,2.86923828125,359137280,65.46269464492798
137,5.160946893692016,8.887849278035116e-05,2.623737931251526,361758720,65.46269464492798
138,5.161895394325256,8.68395775474087e-05,2.527386283874512,364380160,65.46269464492798
139,5.312482392787933,8.482713556945232e-05,2.4288657188415526,367001600,65.46269464492798
140,5.321164739131928,8.284184846881675e-05,2.109801375865936,369623040,65.46269464492798
141,5.251449179649353,8.08843886703684e-05,2.6168610095977782,372244480,65.46269464492798
142,5.316411185264587,7.895541917375272e-05,3.0577372550964355,374865920,65.46269464492798
143,5.266586947441101,7.705559332883333e-05,2.849570941925049,377487360,65.46269464492798
144,5.254292631149292,7.518555461439955e-05,2.1853421449661257,380108800,65.46269464492798
145,5.208807921409607,7.334593642021791e-05,1.7729744076728822,382730240,65.46269464492798
146,5.195703232288361,7.153736183250007e-05,2.4385323524475098,385351680,65.46269464492798
147,5.194282758235931,6.976044342286113e-05,2.4977482199668883,387973120,65.46269464492798
148,5.13680990934372,6.801578304083919e-05,2.3109147548675537,390594560,65.46269464492798
149,5.115664076805115,6.630397161004638e-05,2.2425586700439455,393216000,65.46269464492798
150,5.210356175899506,6.462558892802049e-05,1.9292245149612426,395837440,65.46269464492798
151,5.192094850540161,6.29812034698454e-05,1.4737284302711486,398458880,65.46269464492798
152,5.221616339683533,6.137137219560599e-05,1.5694819808006286,401080320,65.46269464492798
153,5.240658068656922,5.979664036174378e-05,1.6368916988372804,403701760,65.46269464492798
154,5.24121401309967,5.8257541336376083e-05,2.28343551158905,406323200,65.46269464492798
155,5.191916298866272,5.6754596418642046e-05,2.1916156649589538,408944640,65.46269464492798
156,5.15110821723938,5.528831466213676e-05,1.9297040581703186,411566080,65.46269464492798
157,5.131591081619263,5.385919270249248e-05,1.5982702493667602,414187520,65.46269464492798
158,5.100810146331787,5.2467714589166185e-05,1.549560272693634,416808960,65.46269464492798
159,5.138127458095551,5.1114351621489967e-05,1.485302996635437,419430400,65.46269464492798
160,5.093815970420837,4.979956218904013e-05,1.6275412559509277,422051840,65.46269464492798
161,5.166333389282227,4.852379161637877e-05,2.032478141784668,424673280,65.46269464492798
162,5.228162896633148,4.7287472012220376e-05,2.1355045318603514,427294720,65.46269464492798
163,5.1685426235198975,4.609102212307501e-05,1.5058524131774902,429916160,65.46269464492798
164,5.166067802906037,4.493484719141703e-05,1.2928392112255096,432537600,65.46269464492798
165,5.1509170770645145,4.381933881842791e-05,1.3842140913009644,435159040,65.46269464492798
166,5.126770746707916,4.2744874831359247e-05,1.3828149795532227,437780480,65.46269464492798
167,5.096497523784637,4.1711819155561085e-05,1.3550429344177246,440401920,65.46269464492798
168,5.100077557563782,4.072052169121897e-05,1.239215040206909,443023360,65.46269464492798
169,5.025986361503601,3.977131819484139e-05,1.3638890385627747,445644800,65.46269464492798
170,5.065989863872528,3.8864530165537515e-05,1.54395592212677,448266240,65.46269464492798
171,5.106941068172455,3.800046473612424e-05,1.433870267868042,450887680,65.46269464492798
172,5.1107776165008545,3.717941456909902e-05,1.493226981163025,453509120,65.46269464492798
173,5.147155559062957,3.640165775751392e-05,1.2625198245048523,456130560,65.46269464492798
174,5.128217422962189,3.566745773078429e-05,1.3831526398658753,458752000,65.46269464492798
175,5.1302428364753725,3.4977063165464166e-05,1.2237029731273652,461373440,65.46269464492798
176,5.135240924358368,3.4330707901018517e-05,1.172277557849884,463994880,65.46269464492798
177,5.144674098491668,3.372861086062089e-05,1.473840582370758,466616320,65.46269464492798
178,5.09741975069046,3.3170975977003136e-05,1.267351508140564,469237760,65.46269464492798
179,5.050310695171357,3.265799212338271e-05,1.3836617708206176,471859200,65.46269464492798
180,5.049401450157165,3.218983304949042e-05,1.337809419631958,474480640,65.46269464492798
181,4.997917342185974,3.1766657322720675e-05,1.195313274860382,477102080,65.46269464492798
182,5.124475586414337,3.13886082744242e-05,1.2242788553237915,479723520,65.46269464492798
183,5.106583952903748,3.10558139513609e-05,1.2260071575641631,482344960,65.46269464492798
184,5.126963675022125,3.0768387072330135e-05,1.1363755106925963,484966400,65.46269464492798
185,5.107329404354095,3.052642498999219e-05,1.0642350256443023,487587840,65.46269464492798
186,5.107915675640106,3.033000965789472e-05,1.0775433421134948,490209280,65.46269464492798
187,5.088290691375732,3.0179207602714588e-05,1.373080801963806,492830720,65.46269464492798
188,5.0921183109283445,3.0074069901725095e-05,1.2895843863487244,495452160,65.46269464492798
189,5.146492421627045,3.0014632165495892e-05,1.5303760647773743,498073600,65.46269464492798
